model,seed,epochs_done,best_epoch,clean,snr5,worst,mean,false_tumor_cm3
M0,seed_0,20,20,0.8406,0.687,0.5115,0.6797,0.2
M0,seed_1,20,4,0.793,0.6954,0.5652,0.6845,0.5
M0,seed_2,20,4,0.761,0.6444,0.5531,0.6528,1.1
M1,seed_0,20,20,0.8249,0.8252,0.7526,0.8009,0.2
M1,seed_1,20,20,0.827,0.8232,0.7603,0.8035,0.2
M1,seed_2,20,20,0.8268,0.8249,0.7557,0.8025,0.2
M4,seed_0,20,20,0.8278,0.8193,0.7531,0.8001,0.2
M4,seed_1,20,20,0.8264,0.8176,0.7452,0.7964,0.2
M4,seed_2,20,12,0.8296,0.8214,0.751,0.8007,0.3
M5,seed_0,20,20,0.8215,0.817,0.7563,0.7983,0.2
M5,seed_1,20,20,0.8204,0.8108,0.7589,0.7967,0.2
M5,seed_2,20,16,0.8209,0.8168,0.759,0.7989,0.2
M6,seed_0,20,20,0.8185,0.8151,0.7527,0.7955,0.2
M6,seed_1,20,20,0.8266,0.8241,0.7597,0.8034,0.2
M6,seed_2,20,20,0.8328,0.8285,0.7602,0.8072,0.2
