epoch,train_loss,lr,epoch_s,val_clean,val_kspace_snr5_r1.0_t1,val_kspace_snr3_r0.5_t5,val_mean,val_false_tumor_cm3
1,1.59021,0.0003,164,,,,,
2,1.32711,0.00029796101485870695,157,,,,,
3,0.98126,0.0002918996776342448,153,,,,,
4,0.68305,0.00028198132580537004,154,0.7216,0.7191,0.6749,0.7052,2.7
5,0.38585,0.0002684765061547608,160,,,,,
6,0.24859,0.0002517535949580483,157,,,,,
7,0.20364,0.00023226874963930277,155,,,,,
8,0.19141,0.0002105534659856189,155,0.7948,0.796,0.7352,0.7753,0.2
9,0.17482,0.00018720008032754943,159,,,,,
10,0.17113,0.00016284561214811367,155,,,,,
11,0.1639,0.0001381543878518863,157,,,,,
12,0.15539,0.00011379991967245055,154,0.8119,0.8096,0.7472,0.7896,0.1
13,0.14952,9.044653401438106e-05,158,,,,,
14,0.14747,6.873125036069714e-05,159,,,,,
15,0.14488,4.924640504195172e-05,160,,,,,
16,0.14562,3.2523493845239164e-05,81,0.8158,0.8132,0.7481,0.7923,0.2
17,0.14106,1.9018674194629896e-05,74,,,,,
18,0.14049,9.100322365755103e-06,74,,,,,
19,0.13679,3.038985141293012e-06,74,,,,,
20,0.13675,1e-06,74,0.8185,0.8151,0.7527,0.7955,0.2
