patient_id,tumor_voxels,voxels_outside_crop,fraction_lost
BraTS20_Training_001,211979,0,0
BraTS20_Training_002,67008,0,0
BraTS20_Training_003,29807,0,0
BraTS20_Training_004,103496,0,0
BraTS20_Training_005,21963,0,0
BraTS20_Training_006,139230,0,0
BraTS20_Training_007,39772,0,0
BraTS20_Training_008,33446,0,0
BraTS20_Training_009,183094,0,0
BraTS20_Training_010,44582,0,0
BraTS20_Training_011,55130,0,0
BraTS20_Training_012,32051,0,0
BraTS20_Training_013,46339,0,0
BraTS20_Training_014,80396,0,0
BraTS20_Training_015,125287,0,0
BraTS20_Training_016,127189,0,0
BraTS20_Training_017,100758,0,0
BraTS20_Training_018,45118,0,0
BraTS20_Training_019,43797,0,0
BraTS20_Training_020,175675,0,0
BraTS20_Training_021,36858,0,0
BraTS20_Training_022,68118,0,0
BraTS20_Training_023,41124,0,0
BraTS20_Training_024,95627,0,0
BraTS20_Training_025,73437,0,0
BraTS20_Training_026,180618,0,0
BraTS20_Training_027,66648,0,0
BraTS20_Training_028,20935,0,0
BraTS20_Training_029,62354,0,0
BraTS20_Training_030,99909,0,0
BraTS20_Training_031,87609,0,0
BraTS20_Training_032,26500,0,0
BraTS20_Training_033,122656,0,0
BraTS20_Training_034,91573,0,0
BraTS20_Training_035,78815,0,0
BraTS20_Training_036,14830,0,0
BraTS20_Training_037,189011,0,0
BraTS20_Training_038,100879,0,0
BraTS20_Training_039,51853,0,0
BraTS20_Training_040,171454,0,0
BraTS20_Training_041,101416,0,0
BraTS20_Training_042,75949,0,0
BraTS20_Training_043,37429,0,0
BraTS20_Training_044,19150,0,0
BraTS20_Training_045,97205,0,0
BraTS20_Training_046,36342,0,0
BraTS20_Training_047,132682,0,0
BraTS20_Training_048,29239,0,0
BraTS20_Training_049,83418,0,0
BraTS20_Training_050,82780,0,0
BraTS20_Training_051,121570,0,0
BraTS20_Training_052,45951,0,0
BraTS20_Training_053,149897,0,0
BraTS20_Training_054,80574,0,0
BraTS20_Training_055,118394,0,0
BraTS20_Training_056,55364,0,0
BraTS20_Training_057,91132,0,0
BraTS20_Training_058,91646,0,0
BraTS20_Training_059,25918,0,0
BraTS20_Training_060,87324,0,0
BraTS20_Training_061,20876,0,0
BraTS20_Training_062,142132,0,0
BraTS20_Training_063,13459,0,0
BraTS20_Training_064,95815,0,0
BraTS20_Training_065,24955,0,0
BraTS20_Training_066,59246,0,0
BraTS20_Training_067,130505,0,0
BraTS20_Training_068,63159,0,0
BraTS20_Training_069,160010,0,0
BraTS20_Training_070,57830,0,0
BraTS20_Training_071,154279,0,0
BraTS20_Training_072,89189,0,0
BraTS20_Training_073,44519,0,0
BraTS20_Training_074,76789,0,0
BraTS20_Training_075,185137,0,0
BraTS20_Training_076,42204,0,0
BraTS20_Training_077,50183,0,0
BraTS20_Training_078,39411,0,0
BraTS20_Training_079,7285,0,0
BraTS20_Training_080,43464,0,0
BraTS20_Training_081,31532,0,0
BraTS20_Training_082,10101,0,0
BraTS20_Training_083,73658,0,0
BraTS20_Training_084,57075,0,0
BraTS20_Training_085,36221,0,0
BraTS20_Training_086,20752,0,0
BraTS20_Training_087,26806,0,0
BraTS20_Training_088,30654,0,0
BraTS20_Training_089,130343,0,0
BraTS20_Training_090,32059,0,0
BraTS20_Training_091,149594,0,0
BraTS20_Training_092,58458,0,0
BraTS20_Training_093,98690,0,0
BraTS20_Training_094,21929,0,0
BraTS20_Training_095,103768,0,0
BraTS20_Training_096,65993,0,0
BraTS20_Training_097,79531,0,0
BraTS20_Training_098,144026,0,0
BraTS20_Training_099,7513,0,0
BraTS20_Training_100,135252,0,0
BraTS20_Training_101,71751,0,0
BraTS20_Training_102,24143,0,0
BraTS20_Training_103,58208,0,0
BraTS20_Training_104,169685,0,0
BraTS20_Training_105,24992,0,0
BraTS20_Training_106,108359,0,0
BraTS20_Training_107,34311,0,0
BraTS20_Training_108,17892,0,0
BraTS20_Training_109,100724,0,0
BraTS20_Training_110,15762,0,0
BraTS20_Training_111,43342,0,0
BraTS20_Training_112,170359,0,0
BraTS20_Training_113,125680,0,0
BraTS20_Training_114,103304,0,0
BraTS20_Training_115,90608,0,0
BraTS20_Training_116,87535,0,0
BraTS20_Training_117,78134,0,0
BraTS20_Training_118,52485,0,0
BraTS20_Training_119,32190,0,0
BraTS20_Training_120,123632,0,0
BraTS20_Training_121,145124,0,0
BraTS20_Training_122,16585,0,0
BraTS20_Training_123,137737,0,0
BraTS20_Training_124,175363,0,0
BraTS20_Training_125,151285,0,0
BraTS20_Training_126,38000,0,0
BraTS20_Training_127,43568,0,0
BraTS20_Training_128,34459,0,0
BraTS20_Training_129,59335,0,0
BraTS20_Training_130,111724,0,0
BraTS20_Training_131,63061,0,0
BraTS20_Training_132,173928,0,0
BraTS20_Training_133,120674,0,0
BraTS20_Training_134,80682,0,0
BraTS20_Training_135,217380,0,0
BraTS20_Training_136,61085,0,0
BraTS20_Training_137,187570,0,0
BraTS20_Training_138,210327,0,0
BraTS20_Training_139,20487,0,0
BraTS20_Training_140,137301,0,0
BraTS20_Training_141,21615,0,0
BraTS20_Training_142,12969,0,0
BraTS20_Training_143,147786,0,0
BraTS20_Training_144,198692,0,0
BraTS20_Training_145,82735,0,0
BraTS20_Training_146,100886,0,0
BraTS20_Training_147,139257,0,0
BraTS20_Training_148,149347,0,0
BraTS20_Training_149,256875,0,0
BraTS20_Training_150,149302,0,0
BraTS20_Training_151,149466,0,0
BraTS20_Training_152,187315,0,0
BraTS20_Training_153,127217,0,0
BraTS20_Training_154,94086,0,0
BraTS20_Training_155,144602,0,0
BraTS20_Training_156,121150,0,0
BraTS20_Training_157,92575,0,0
BraTS20_Training_158,38314,0,0
BraTS20_Training_159,24434,0,0
BraTS20_Training_160,127812,0,0
BraTS20_Training_161,53787,0,0
BraTS20_Training_162,107328,0,0
BraTS20_Training_163,154508,0,0
BraTS20_Training_164,125370,0,0
BraTS20_Training_165,143759,0,0
BraTS20_Training_166,222999,0,0
BraTS20_Training_167,80769,0,0
BraTS20_Training_168,163378,0,0
BraTS20_Training_169,55781,0,0
BraTS20_Training_170,99859,0,0
BraTS20_Training_171,146494,0,0
BraTS20_Training_172,37828,0,0
BraTS20_Training_173,134271,0,0
BraTS20_Training_174,95391,0,0
BraTS20_Training_175,186689,0,0
BraTS20_Training_176,105852,0,0
BraTS20_Training_177,12952,0,0
BraTS20_Training_178,92661,0,0
BraTS20_Training_179,66802,0,0
BraTS20_Training_180,162623,0,0
BraTS20_Training_181,66816,0,0
BraTS20_Training_182,42233,0,0
BraTS20_Training_183,186261,0,0
BraTS20_Training_184,122929,0,0
BraTS20_Training_185,88649,0,0
BraTS20_Training_186,129841,0,0
BraTS20_Training_187,91560,0,0
BraTS20_Training_188,67704,0,0
BraTS20_Training_189,97135,0,0
BraTS20_Training_190,45281,0,0
BraTS20_Training_191,150805,0,0
BraTS20_Training_192,110151,0,0
BraTS20_Training_193,130288,0,0
BraTS20_Training_194,99624,0,0
BraTS20_Training_195,50735,0,0
BraTS20_Training_196,168187,0,0
BraTS20_Training_197,131589,0,0
BraTS20_Training_198,107194,0,0
BraTS20_Training_199,81847,0,0
BraTS20_Training_200,44798,0,0
BraTS20_Training_201,175302,0,0
BraTS20_Training_202,97212,0,0
BraTS20_Training_203,89516,0,0
BraTS20_Training_204,19075,0,0
BraTS20_Training_205,31109,0,0
BraTS20_Training_206,23456,0,0
BraTS20_Training_207,59206,0,0
BraTS20_Training_208,166140,0,0
BraTS20_Training_209,64347,0,0
BraTS20_Training_210,175646,0,0
BraTS20_Training_211,80218,0,0
BraTS20_Training_212,184720,0,0
BraTS20_Training_213,57168,0,0
BraTS20_Training_214,110210,0,0
BraTS20_Training_215,66672,0,0
BraTS20_Training_216,60356,0,0
BraTS20_Training_217,21984,0,0
BraTS20_Training_218,111312,0,0
BraTS20_Training_219,77278,0,0
BraTS20_Training_220,117937,0,0
BraTS20_Training_221,161557,0,0
BraTS20_Training_222,30490,0,0
BraTS20_Training_223,159632,0,0
BraTS20_Training_224,148030,0,0
BraTS20_Training_225,206134,0,0
BraTS20_Training_226,69628,0,0
BraTS20_Training_227,52898,0,0
BraTS20_Training_228,73827,0,0
BraTS20_Training_229,74986,0,0
BraTS20_Training_230,90740,0,0
BraTS20_Training_231,132171,0,0
BraTS20_Training_232,91751,0,0
BraTS20_Training_233,16748,0,0
BraTS20_Training_234,157749,0,0
BraTS20_Training_235,200621,0,0
BraTS20_Training_236,169918,0,0
BraTS20_Training_237,162397,0,0
BraTS20_Training_238,176056,0,0
BraTS20_Training_239,75085,0,0
BraTS20_Training_240,168746,0,0
BraTS20_Training_241,227126,0,0
BraTS20_Training_242,54958,0,0
BraTS20_Training_243,154118,0,0
BraTS20_Training_244,149604,0,0
BraTS20_Training_245,156762,0,0
BraTS20_Training_246,70781,0,0
BraTS20_Training_247,138051,0,0
BraTS20_Training_248,87193,0,0
BraTS20_Training_249,58817,0,0
BraTS20_Training_250,73791,0,0
BraTS20_Training_251,82921,0,0
BraTS20_Training_252,204242,0,0
BraTS20_Training_253,43881,0,0
BraTS20_Training_254,156606,0,0
BraTS20_Training_255,163612,0,0
BraTS20_Training_256,172673,0,0
BraTS20_Training_257,82023,0,0
BraTS20_Training_258,122734,0,0
BraTS20_Training_259,119314,0,0
BraTS20_Training_260,49924,0,0
BraTS20_Training_261,248267,0,0
BraTS20_Training_262,64107,0,0
BraTS20_Training_263,30441,0,0
BraTS20_Training_264,25624,0,0
BraTS20_Training_265,61746,0,0
BraTS20_Training_266,53274,0,0
BraTS20_Training_267,79625,0,0
BraTS20_Training_268,18890,0,0
BraTS20_Training_269,35439,0,0
BraTS20_Training_270,148380,0,0
BraTS20_Training_271,51173,0,0
BraTS20_Training_272,195433,0,0
BraTS20_Training_273,230882,0,0
BraTS20_Training_274,190251,0,0
BraTS20_Training_275,34700,0,0
BraTS20_Training_276,56512,0,0
BraTS20_Training_277,30073,0,0
BraTS20_Training_278,107864,0,0
BraTS20_Training_279,162703,0,0
BraTS20_Training_280,39237,0,0
BraTS20_Training_281,143067,0,0
BraTS20_Training_282,85121,0,0
BraTS20_Training_283,46436,0,0
BraTS20_Training_284,196181,0,0
BraTS20_Training_285,113289,0,0
BraTS20_Training_286,23844,0,0
BraTS20_Training_287,49010,0,0
BraTS20_Training_288,77001,0,0
BraTS20_Training_289,191547,0,0
BraTS20_Training_290,220284,0,0
BraTS20_Training_291,218263,0,0
BraTS20_Training_292,77020,0,0
BraTS20_Training_293,298075,0,0
BraTS20_Training_294,82814,0,0
BraTS20_Training_295,25293,0,0
BraTS20_Training_296,162105,0,0
BraTS20_Training_297,74866,0,0
BraTS20_Training_298,45690,0,0
BraTS20_Training_299,111018,0,0
BraTS20_Training_300,95449,0,0
BraTS20_Training_301,173216,0,0
BraTS20_Training_302,115617,0,0
BraTS20_Training_303,35851,0,0
BraTS20_Training_304,31170,0,0
BraTS20_Training_305,125421,0,0
BraTS20_Training_306,180724,0,0
BraTS20_Training_307,147787,0,0
BraTS20_Training_308,202427,0,0
BraTS20_Training_309,157275,0,0
BraTS20_Training_310,175367,0,0
BraTS20_Training_311,30323,0,0
BraTS20_Training_312,158539,0,0
BraTS20_Training_313,171033,0,0
BraTS20_Training_314,27311,0,0
BraTS20_Training_315,34226,0,0
BraTS20_Training_316,231951,0,0
BraTS20_Training_317,20725,0,0
BraTS20_Training_318,212186,0,0
BraTS20_Training_319,116994,0,0
BraTS20_Training_320,37466,0,0
BraTS20_Training_321,65338,0,0
BraTS20_Training_322,87527,0,0
BraTS20_Training_323,232098,0,0
BraTS20_Training_324,68293,0,0
BraTS20_Training_325,17082,0,0
BraTS20_Training_326,125353,0,0
BraTS20_Training_327,183843,0,0
BraTS20_Training_328,361783,0,0
BraTS20_Training_329,62935,0,0
BraTS20_Training_330,53625,0,0
BraTS20_Training_331,49858,0,0
BraTS20_Training_332,56445,0,0
BraTS20_Training_333,188686,0,0
BraTS20_Training_334,151508,0,0
BraTS20_Training_335,136334,0,0
BraTS20_Training_336,105016,0,0
BraTS20_Training_337,111967,0,0
BraTS20_Training_338,138460,0,0
BraTS20_Training_339,147383,0,0
BraTS20_Training_340,77740,0,0
BraTS20_Training_341,12470,0,0
BraTS20_Training_342,150203,0,0
BraTS20_Training_343,157400,0,0
BraTS20_Training_344,79098,18,0.000227565804445119
BraTS20_Training_345,95788,0,0
BraTS20_Training_346,78584,0,0
BraTS20_Training_347,111614,0,0
BraTS20_Training_348,85112,0,0
BraTS20_Training_349,173793,0,0
BraTS20_Training_350,107675,0,0
BraTS20_Training_351,98996,0,0
BraTS20_Training_352,51790,0,0
BraTS20_Training_353,46538,0,0
BraTS20_Training_354,170299,0,0
BraTS20_Training_355,138024,0,0
BraTS20_Training_356,42643,0,0
BraTS20_Training_357,59365,0,0
BraTS20_Training_358,107935,0,0
BraTS20_Training_359,84845,0,0
BraTS20_Training_360,98512,0,0
BraTS20_Training_361,78549,0,0
BraTS20_Training_362,158381,0,0
BraTS20_Training_363,120394,0,0
BraTS20_Training_364,98011,0,0
BraTS20_Training_365,147861,0,0
BraTS20_Training_366,46230,0,0
BraTS20_Training_367,126642,0,0
BraTS20_Training_368,83463,0,0
BraTS20_Training_369,224832,0,0
