condition_id,snr,r,dice_wt,dice_tc,dice_et,dice_mean
clean,999.0,1.0,0.8219,0.7375,0.6458,0.735
snr30_r1.0,30.0,1.0,0.8215,0.7357,0.6445,0.7339
snr30_r0.75,30.0,0.75,0.8205,0.7357,0.6449,0.7337
snr30_r0.5,30.0,0.5,0.8165,0.7324,0.645,0.7313
snr20_r1.0,20.0,1.0,0.823,0.7339,0.643,0.7333
snr20_r0.75,20.0,0.75,0.8211,0.7344,0.6445,0.7333
snr20_r0.5,20.0,0.5,0.8164,0.7308,0.6428,0.73
snr12_r1.0,12.0,1.0,0.8237,0.7305,0.6418,0.732
snr12_r0.75,12.0,0.75,0.8219,0.7315,0.6417,0.7317
snr12_r0.5,12.0,0.5,0.819,0.7289,0.6418,0.7299
snr8_r1.0,8.0,1.0,0.8265,0.7284,0.6405,0.7318
snr8_r0.75,8.0,0.75,0.8258,0.7282,0.6404,0.7315
snr8_r0.5,8.0,0.5,0.8225,0.7264,0.6386,0.7292
