patient_id,modality,snr,r,clean_power_frac_low,clean_power_frac_low_no_dc,clean_energy_frac_gauss_low,band_snr_low_db,band_snr_high_db
BraTS20_Training_002,flair,30,1,0.9748838,0.9557634,0.9822459,28.95689,13.84263
BraTS20_Training_002,flair,30,0.75,0.9748838,0.9557634,0.9822459,28.56465,9.308922
BraTS20_Training_002,flair,30,0.5,0.9748838,0.9557634,0.9822459,28.19697,5.45923
BraTS20_Training_002,flair,20,1,0.9748838,0.9557634,0.9822459,25.43265,10.32426
BraTS20_Training_002,flair,20,0.75,0.9748838,0.9557634,0.9822459,25.2578,7.71862
BraTS20_Training_002,flair,20,0.5,0.9748838,0.9557634,0.9822459,25.07866,4.725479
BraTS20_Training_002,flair,12,1,0.9748838,0.9557634,0.9822459,20.98985,5.896546
BraTS20_Training_002,flair,12,0.75,0.9748838,0.9557634,0.9822459,20.93337,4.757134
BraTS20_Training_002,flair,12,0.5,0.9748838,0.9557634,0.9822459,20.86797,2.981421
BraTS20_Training_002,flair,8,1,0.9748838,0.9557634,0.9822459,17.45865,2.391792
BraTS20_Training_002,flair,8,0.75,0.9748838,0.9557634,0.9822459,17.43917,1.837978
BraTS20_Training_002,flair,8,0.5,0.9748838,0.9557634,0.9822459,17.41388,0.8331673
BraTS20_Training_002,t1ce,30,1,0.9531284,0.9145606,0.9676293,26.66284,14.36211
BraTS20_Training_002,t1ce,30,0.75,0.9531284,0.9145606,0.9676293,25.77364,9.799956
BraTS20_Training_002,t1ce,30,0.5,0.9531284,0.9145606,0.9676293,25.33535,6.02471
BraTS20_Training_002,t1ce,20,1,0.9531284,0.9145606,0.9676293,23.13866,10.8442
BraTS20_Training_002,t1ce,20,0.75,0.9531284,0.9145606,0.9676293,22.72146,8.224802
BraTS20_Training_002,t1ce,20,0.5,0.9531284,0.9145606,0.9676293,22.49562,5.292611
BraTS20_Training_002,t1ce,12,1,0.9531284,0.9145606,0.9676293,18.69564,6.418571
BraTS20_Training_002,t1ce,12,0.75,0.9531284,0.9145606,0.9676293,18.54935,5.275368
BraTS20_Training_002,t1ce,12,0.5,0.9531284,0.9145606,0.9676293,18.46432,3.543452
BraTS20_Training_002,t1ce,8,1,0.9531284,0.9145606,0.9676293,15.16369,2.918049
BraTS20_Training_002,t1ce,8,0.75,0.9531284,0.9145606,0.9676293,15.10738,2.362401
BraTS20_Training_002,t1ce,8,0.5,0.9531284,0.9145606,0.9676293,15.07405,1.389146
BraTS20_Training_008,flair,30,1,0.9856914,0.9782995,0.9901996,26.843,10.61933
BraTS20_Training_008,flair,30,0.75,0.9856914,0.9782995,0.9901996,26.55467,8.08077
BraTS20_Training_008,flair,30,0.5,0.9856914,0.9782995,0.9901996,26.38688,5.340399
BraTS20_Training_008,flair,20,1,0.9856914,0.9782995,0.9901996,23.31966,7.101612
BraTS20_Training_008,flair,20,0.75,0.9856914,0.9782995,0.9901996,23.19843,5.776539
BraTS20_Training_008,flair,20,0.5,0.9856914,0.9782995,0.9901996,23.11636,3.954571
BraTS20_Training_008,flair,12,1,0.9856914,0.9782995,0.9901996,18.87911,2.67469
BraTS20_Training_008,flair,12,0.75,0.9856914,0.9782995,0.9901996,18.84613,2.134861
BraTS20_Training_008,flair,12,0.5,0.9856914,0.9782995,0.9901996,18.81674,1.238185
BraTS20_Training_008,flair,8,1,0.9856914,0.9782995,0.9901996,15.35177,-0.8309513
BraTS20_Training_008,flair,8,0.75,0.9856914,0.9782995,0.9901996,15.34526,-1.089075
BraTS20_Training_008,flair,8,0.5,0.9856914,0.9782995,0.9901996,15.3344,-1.548588
BraTS20_Training_008,t1ce,30,1,0.931451,0.8991681,0.953206,25.08523,15.90156
BraTS20_Training_008,t1ce,30,0.75,0.931451,0.8991681,0.953206,24.14351,10.82912
BraTS20_Training_008,t1ce,30,0.5,0.931451,0.8991681,0.953206,23.68535,6.715855
BraTS20_Training_008,t1ce,20,1,0.931451,0.8991681,0.953206,21.56236,12.3826
BraTS20_Training_008,t1ce,20,0.75,0.931451,0.8991681,0.953206,21.11527,9.407565
BraTS20_Training_008,t1ce,20,0.5,0.931451,0.8991681,0.953206,20.88316,6.114536
BraTS20_Training_008,t1ce,12,1,0.931451,0.8991681,0.953206,17.12256,7.954093
BraTS20_Training_008,t1ce,12,0.75,0.931451,0.8991681,0.953206,16.95995,6.633118
BraTS20_Training_008,t1ce,12,0.5,0.931451,0.8991681,0.953206,16.87371,4.603612
BraTS20_Training_008,t1ce,8,1,0.931451,0.8991681,0.953206,13.5958,4.448465
BraTS20_Training_008,t1ce,8,0.75,0.931451,0.8991681,0.953206,13.52897,3.80441
BraTS20_Training_008,t1ce,8,0.5,0.931451,0.8991681,0.953206,13.49465,2.636318
BraTS20_Training_009,flair,30,1,0.964203,0.9469711,0.9744796,27.88478,15.29157
BraTS20_Training_009,flair,30,0.75,0.964203,0.9469711,0.9744796,27.25448,9.606151
BraTS20_Training_009,flair,30,0.5,0.964203,0.9469711,0.9744796,26.99461,5.542011
BraTS20_Training_009,flair,20,1,0.964203,0.9469711,0.9744796,24.36136,11.7736
BraTS20_Training_009,flair,20,0.75,0.964203,0.9469711,0.9744796,24.07025,8.35248
BraTS20_Training_009,flair,20,0.5,0.964203,0.9469711,0.9744796,23.95145,5.008061
BraTS20_Training_009,flair,12,1,0.964203,0.9469711,0.9744796,19.92047,7.347167
BraTS20_Training_009,flair,12,0.75,0.964203,0.9469711,0.9744796,19.82032,5.78978
BraTS20_Training_009,flair,12,0.5,0.964203,0.9469711,0.9744796,19.78296,3.636212
BraTS20_Training_009,flair,8,1,0.964203,0.9469711,0.9744796,16.39217,3.845476
BraTS20_Training_009,flair,8,0.75,0.964203,0.9469711,0.9744796,16.355,3.079814
BraTS20_Training_009,flair,8,0.5,0.964203,0.9469711,0.9744796,16.34408,1.798417
BraTS20_Training_009,t1ce,30,1,0.9639431,0.9424669,0.9742678,25.71549,13.10349
BraTS20_Training_009,t1ce,30,0.75,0.9639431,0.9424669,0.9742678,25.04111,8.818241
BraTS20_Training_009,t1ce,30,0.5,0.9639431,0.9424669,0.9742678,24.85517,5.388007
BraTS20_Training_009,t1ce,20,1,0.9639431,0.9424669,0.9742678,22.19212,9.584084
BraTS20_Training_009,t1ce,20,0.75,0.9639431,0.9424669,0.9742678,21.88129,7.156389
BraTS20_Training_009,t1ce,20,0.5,0.9639431,0.9424669,0.9742678,21.79577,4.558029
BraTS20_Training_009,t1ce,12,1,0.9639431,0.9424669,0.9742678,17.75117,5.154709
BraTS20_Training_009,t1ce,12,0.75,0.9639431,0.9424669,0.9742678,17.64455,4.109454
BraTS20_Training_009,t1ce,12,0.5,0.9639431,0.9424669,0.9742678,17.61941,2.63308
BraTS20_Training_009,t1ce,8,1,0.9639431,0.9424669,0.9742678,14.22274,1.647889
BraTS20_Training_009,t1ce,8,0.75,0.9639431,0.9424669,0.9742678,14.18293,1.144328
BraTS20_Training_009,t1ce,8,0.5,0.9639431,0.9424669,0.9742678,14.1788,0.3374704
BraTS20_Training_014,flair,30,1,0.97131,0.9510763,0.9798817,28.84397,14.44423
BraTS20_Training_014,flair,30,0.75,0.97131,0.9510763,0.9798817,28.21704,9.062717
BraTS20_Training_014,flair,30,0.5,0.97131,0.9510763,0.9798817,27.90337,5.487804
BraTS20_Training_014,flair,20,1,0.97131,0.9510763,0.9798817,25.32053,10.92601
BraTS20_Training_014,flair,20,0.75,0.97131,0.9510763,0.9798817,25.03096,7.740674
BraTS20_Training_014,flair,20,0.5,0.97131,0.9510763,0.9798817,24.87993,4.853502
BraTS20_Training_014,flair,12,1,0.97131,0.9510763,0.9798817,20.87926,6.498583
BraTS20_Training_014,flair,12,0.75,0.97131,0.9510763,0.9798817,20.78051,5.080636
BraTS20_Training_014,flair,12,0.5,0.97131,0.9510763,0.9798817,20.72781,3.281213
BraTS20_Training_014,flair,8,1,0.97131,0.9510763,0.9798817,17.34991,2.993436
BraTS20_Training_014,flair,8,0.75,0.97131,0.9510763,0.9798817,17.31398,2.308884
BraTS20_Training_014,flair,8,0.5,0.97131,0.9510763,0.9798817,17.29484,1.26371
BraTS20_Training_014,t1ce,30,1,0.947162,0.9069469,0.9633869,26.92274,15.2976
BraTS20_Training_014,t1ce,30,0.75,0.947162,0.9069469,0.9633869,26.01841,10.53316
BraTS20_Training_014,t1ce,30,0.5,0.947162,0.9069469,0.9633869,25.677,6.478136
BraTS20_Training_014,t1ce,20,1,0.947162,0.9069469,0.9633869,23.39899,11.77882
BraTS20_Training_014,t1ce,20,0.75,0.947162,0.9069469,0.9633869,22.97729,9.017806
BraTS20_Training_014,t1ce,20,0.5,0.947162,0.9069469,0.9633869,22.80889,5.824246
BraTS20_Training_014,t1ce,12,1,0.947162,0.9069469,0.9633869,18.9569,7.351358
BraTS20_Training_014,t1ce,12,0.75,0.947162,0.9069469,0.9633869,18.81447,6.132552
BraTS20_Training_014,t1ce,12,0.5,0.947162,0.9069469,0.9633869,18.75445,4.213797
BraTS20_Training_014,t1ce,8,1,0.947162,0.9069469,0.9633869,15.42624,3.848382
BraTS20_Training_014,t1ce,8,0.75,0.947162,0.9069469,0.9633869,15.37787,3.248316
BraTS20_Training_014,t1ce,8,0.5,0.947162,0.9069469,0.9633869,15.35504,2.165494
BraTS20_Training_021,flair,30,1,0.9703062,0.956127,0.9784727,25.14415,12.25406
BraTS20_Training_021,flair,30,0.75,0.9703062,0.956127,0.9784727,24.77267,8.093651
BraTS20_Training_021,flair,30,0.5,0.9703062,0.956127,0.9784727,24.62793,4.677332
BraTS20_Training_021,flair,20,1,0.9703062,0.956127,0.9784727,21.62086,8.735838
BraTS20_Training_021,flair,20,0.75,0.9703062,0.956127,0.9784727,21.4576,6.395219
BraTS20_Training_021,flair,20,0.5,0.9703062,0.956127,0.9784727,21.39157,3.809988
BraTS20_Training_021,flair,12,1,0.9703062,0.956127,0.9784727,17.18017,4.310424
BraTS20_Training_021,flair,12,0.75,0.9703062,0.956127,0.9784727,17.12986,3.31257
BraTS20_Training_021,flair,12,0.5,0.9703062,0.956127,0.9784727,17.10832,1.836305
BraTS20_Training_021,flair,8,1,0.9703062,0.956127,0.9784727,13.6523,0.8096726
BraTS20_Training_021,flair,8,0.75,0.9703062,0.956127,0.9784727,13.63754,0.3316537
BraTS20_Training_021,flair,8,0.5,0.9703062,0.956127,0.9784727,13.63194,-0.4864149
BraTS20_Training_021,t1ce,30,1,0.9686992,0.9528425,0.9771562,25.61096,12.80104
BraTS20_Training_021,t1ce,30,0.75,0.9686992,0.9528425,0.9771562,25.00607,8.251508
BraTS20_Training_021,t1ce,30,0.5,0.9686992,0.9528425,0.9771562,24.78411,4.892335
BraTS20_Training_021,t1ce,20,1,0.9686992,0.9528425,0.9771562,22.08754,9.282835
BraTS20_Training_021,t1ce,20,0.75,0.9686992,0.9528425,0.9771562,21.81269,6.682551
BraTS20_Training_021,t1ce,20,0.5,0.9686992,0.9528425,0.9771562,21.70372,4.101218
BraTS20_Training_021,t1ce,12,1,0.9686992,0.9528425,0.9771562,17.6466,4.856603
BraTS20_Training_021,t1ce,12,0.75,0.9686992,0.9528425,0.9771562,17.55369,3.736221
BraTS20_Training_021,t1ce,12,0.5,0.9686992,0.9528425,0.9771562,17.51391,2.240911
BraTS20_Training_021,t1ce,8,1,0.9686992,0.9528425,0.9771562,14.11826,1.353671
BraTS20_Training_021,t1ce,8,0.75,0.9686992,0.9528425,0.9771562,14.08363,0.8197768
BraTS20_Training_021,t1ce,8,0.5,0.9686992,0.9528425,0.9771562,14.06867,-0.006616832
BraTS20_Training_022,flair,30,1,0.9661121,0.9489534,0.9761014,26.83934,14.10216
BraTS20_Training_022,flair,30,0.75,0.9661121,0.9489534,0.9761014,26.2565,9.222838
BraTS20_Training_022,flair,30,0.5,0.9661121,0.9489534,0.9761014,25.97364,5.597201
BraTS20_Training_022,flair,20,1,0.9661121,0.9489534,0.9761014,23.31636,10.58353
BraTS20_Training_022,flair,20,0.75,0.9661121,0.9489534,0.9761014,23.05029,7.740116
BraTS20_Training_022,flair,20,0.5,0.9661121,0.9489534,0.9761014,22.92139,4.887742
BraTS20_Training_022,flair,12,1,0.9661121,0.9489534,0.9761014,18.87628,6.155941
BraTS20_Training_022,flair,12,0.75,0.9661121,0.9489534,0.9761014,18.78683,4.896789
BraTS20_Training_022,flair,12,0.5,0.9661121,0.9489534,0.9761014,18.74562,3.183733
BraTS20_Training_022,flair,8,1,0.9661121,0.9489534,0.9761014,15.34903,2.651223
BraTS20_Training_022,flair,8,0.75,0.9661121,0.9489534,0.9761014,15.31723,2.034797
BraTS20_Training_022,flair,8,0.5,0.9661121,0.9489534,0.9761014,15.30468,1.062781
BraTS20_Training_022,t1ce,30,1,0.9560076,0.9298553,0.9681509,26.22523,14.61409
BraTS20_Training_022,t1ce,30,0.75,0.9560076,0.9298553,0.9681509,25.24311,9.22205
BraTS20_Training_022,t1ce,30,0.5,0.9560076,0.9298553,0.9681509,24.97645,5.588559
BraTS20_Training_022,t1ce,20,1,0.9560076,0.9298553,0.9681509,22.70165,11.09536
BraTS20_Training_022,t1ce,20,0.75,0.9560076,0.9298553,0.9681509,22.23992,7.903377
BraTS20_Training_022,t1ce,20,0.5,0.9560076,0.9298553,0.9681509,22.10501,4.96493
BraTS20_Training_022,t1ce,12,1,0.9560076,0.9298553,0.9681509,18.26046,6.666979
BraTS20_Training_022,t1ce,12,0.75,0.9560076,0.9298553,0.9681509,18.09679,5.247175
BraTS20_Training_022,t1ce,12,0.5,0.9560076,0.9298553,0.9681509,18.0476,3.411213
BraTS20_Training_022,t1ce,8,1,0.9560076,0.9298553,0.9681509,14.73209,3.160646
BraTS20_Training_022,t1ce,8,0.75,0.9560076,0.9298553,0.9681509,14.66774,2.475492
BraTS20_Training_022,t1ce,8,0.5,0.9560076,0.9298553,0.9681509,14.65006,1.406333
BraTS20_Training_035,flair,30,1,0.9612338,0.9411455,0.9707456,28.0252,15.61022
BraTS20_Training_035,flair,30,0.75,0.9612338,0.9411455,0.9707456,26.94066,8.800568
BraTS20_Training_035,flair,30,0.5,0.9612338,0.9411455,0.9707456,26.78823,4.798494
BraTS20_Training_035,flair,20,1,0.9612338,0.9411455,0.9707456,24.50106,12.09291
BraTS20_Training_035,flair,20,0.75,0.9612338,0.9411455,0.9707456,23.97369,7.803326
BraTS20_Training_035,flair,20,0.5,0.9612338,0.9411455,0.9707456,23.90524,4.37606
BraTS20_Training_035,flair,12,1,0.9612338,0.9411455,0.9707456,20.05824,7.669793
BraTS20_Training_035,flair,12,0.75,0.9612338,0.9411455,0.9707456,19.85955,5.609415
BraTS20_Training_035,flair,12,0.5,0.9612338,0.9411455,0.9707456,19.84295,3.244592
BraTS20_Training_035,flair,8,1,0.9612338,0.9411455,0.9707456,16.52685,4.172531
BraTS20_Training_035,flair,8,0.75,0.9612338,0.9411455,0.9707456,16.44028,3.131165
BraTS20_Training_035,flair,8,0.5,0.9612338,0.9411455,0.9707456,16.44197,1.642785
BraTS20_Training_035,t1ce,30,1,0.934398,0.8970988,0.9550989,26.11613,16.18223
BraTS20_Training_035,t1ce,30,0.75,0.934398,0.8970988,0.9550989,25.22304,10.87014
BraTS20_Training_035,t1ce,30,0.5,0.934398,0.8970988,0.9550989,24.7358,6.647866
BraTS20_Training_035,t1ce,20,1,0.934398,0.8970988,0.9550989,22.59256,12.66439
BraTS20_Training_035,t1ce,20,0.75,0.934398,0.8970988,0.9550989,22.17724,9.515087
BraTS20_Training_035,t1ce,20,0.5,0.934398,0.8970988,0.9550989,21.9281,6.090934
BraTS20_Training_035,t1ce,12,1,0.934398,0.8970988,0.9550989,18.15084,8.239641
BraTS20_Training_035,t1ce,12,0.75,0.934398,0.8970988,0.9550989,18.00862,6.823223
BraTS20_Training_035,t1ce,12,0.5,0.934398,0.8970988,0.9550989,17.91529,4.668169
BraTS20_Training_035,t1ce,8,1,0.934398,0.8970988,0.9550989,14.62081,4.7389
BraTS20_Training_035,t1ce,8,0.75,0.934398,0.8970988,0.9550989,14.56845,4.042792
BraTS20_Training_035,t1ce,8,0.5,0.934398,0.8970988,0.9550989,14.53299,2.781143
BraTS20_Training_049,flair,30,1,0.9710063,0.9507538,0.9801304,28.41619,13.85699
BraTS20_Training_049,flair,30,0.75,0.9710063,0.9507538,0.9801304,28.08355,9.304633
BraTS20_Training_049,flair,30,0.5,0.9710063,0.9507538,0.9801304,27.71685,5.515956
BraTS20_Training_049,flair,20,1,0.9710063,0.9507538,0.9801304,24.8921,10.34014
BraTS20_Training_049,flair,20,0.75,0.9710063,0.9507538,0.9801304,24.74997,7.729999
BraTS20_Training_049,flair,20,0.5,0.9710063,0.9507538,0.9801304,24.57375,4.777072
BraTS20_Training_049,flair,12,1,0.9710063,0.9507538,0.9801304,20.44907,5.916175
BraTS20_Training_049,flair,12,0.75,0.9710063,0.9507538,0.9801304,20.40713,4.78498
BraTS20_Training_049,flair,12,0.5,0.9710063,0.9507538,0.9801304,20.34335,3.026441
BraTS20_Training_049,flair,8,1,0.9710063,0.9507538,0.9801304,16.91673,2.420173
BraTS20_Training_049,flair,8,0.75,0.9710063,0.9507538,0.9801304,16.905,1.877741
BraTS20_Training_049,flair,8,0.5,0.9710063,0.9507538,0.9801304,16.87945,0.8803635
BraTS20_Training_049,t1ce,30,1,0.9692093,0.9438418,0.9776141,27.87279,13.65076
BraTS20_Training_049,t1ce,30,0.75,0.9692093,0.9438418,0.9776141,26.96052,8.700191
BraTS20_Training_049,t1ce,30,0.5,0.9692093,0.9438418,0.9776141,26.69539,5.096969
BraTS20_Training_049,t1ce,20,1,0.9692093,0.9438418,0.9776141,24.349,10.13226
BraTS20_Training_049,t1ce,20,0.75,0.9692093,0.9438418,0.9776141,23.9224,7.237472
BraTS20_Training_049,t1ce,20,0.5,0.9692093,0.9438418,0.9776141,23.8017,4.394856
BraTS20_Training_049,t1ce,12,1,0.9692093,0.9438418,0.9776141,19.90685,5.705486
BraTS20_Training_049,t1ce,12,0.75,0.9692093,0.9438418,0.9776141,19.75987,4.419887
BraTS20_Training_049,t1ce,12,0.5,0.9692093,0.9438418,0.9776141,19.72532,2.70467
BraTS20_Training_049,t1ce,8,1,0.9692093,0.9438418,0.9776141,16.37608,2.20337
BraTS20_Training_049,t1ce,8,0.75,0.9692093,0.9438418,0.9776141,16.321,1.5759
BraTS20_Training_049,t1ce,8,0.5,0.9692093,0.9438418,0.9776141,16.31517,0.5980144
BraTS20_Training_050,flair,30,1,0.9502265,0.9250731,0.9652384,28.62334,17.01724
BraTS20_Training_050,flair,30,0.75,0.9502265,0.9250731,0.9652384,28.04493,10.59892
BraTS20_Training_050,flair,30,0.5,0.9502265,0.9250731,0.9652384,27.66389,6.122303
BraTS20_Training_050,flair,20,1,0.9502265,0.9250731,0.9652384,25.09785,13.50303
BraTS20_Training_050,flair,20,0.75,0.9502265,0.9250731,0.9652384,24.83289,9.50629
BraTS20_Training_050,flair,20,0.5,0.9502265,0.9250731,0.9652384,24.64827,5.704297
BraTS20_Training_050,flair,12,1,0.9502265,0.9250731,0.9652384,20.65184,9.086574
BraTS20_Training_050,flair,12,0.75,0.9502265,0.9250731,0.9652384,20.56102,7.183698
BraTS20_Training_050,flair,12,0.5,0.9502265,0.9250731,0.9652384,20.49145,4.591805
BraTS20_Training_050,flair,8,1,0.9502265,0.9250731,0.9652384,17.11631,5.596526
BraTS20_Training_050,flair,8,0.75,0.9502265,0.9250731,0.9652384,17.08046,4.63619
BraTS20_Training_050,flair,8,0.5,0.9502265,0.9250731,0.9652384,17.05172,3.014207
BraTS20_Training_050,t1ce,30,1,0.9292262,0.8843846,0.952371,26.72475,16.74315
BraTS20_Training_050,t1ce,30,0.75,0.9292262,0.8843846,0.952371,26.20826,12.49567
BraTS20_Training_050,t1ce,30,0.5,0.9292262,0.8843846,0.952371,25.59031,7.470679
BraTS20_Training_050,t1ce,20,1,0.9292262,0.8843846,0.952371,23.20086,13.22637
BraTS20_Training_050,t1ce,20,0.75,0.9292262,0.8843846,0.952371,22.96787,10.82439
BraTS20_Training_050,t1ce,20,0.5,0.9292262,0.8843846,0.952371,22.66316,6.883042
BraTS20_Training_050,t1ce,12,1,0.9292262,0.8843846,0.952371,18.75855,8.803303
BraTS20_Training_050,t1ce,12,0.75,0.9292262,0.8843846,0.952371,18.68289,7.77272
BraTS20_Training_050,t1ce,12,0.5,0.9292262,0.8843846,0.952371,18.56823,5.402628
BraTS20_Training_050,t1ce,8,1,0.9292262,0.8843846,0.952371,15.22765,5.306475
BraTS20_Training_050,t1ce,8,0.75,0.9292262,0.8843846,0.952371,15.20183,4.813108
BraTS20_Training_050,t1ce,8,0.5,0.9292262,0.8843846,0.952371,15.1531,3.467407
BraTS20_Training_051,flair,30,1,0.9675938,0.9522316,0.9782889,28.32102,14.75558
BraTS20_Training_051,flair,30,0.75,0.9675938,0.9522316,0.9782889,27.84925,9.682141
BraTS20_Training_051,flair,30,0.5,0.9675938,0.9522316,0.9782889,27.58421,5.81677
BraTS20_Training_051,flair,20,1,0.9675938,0.9522316,0.9782889,24.79048,11.25644
BraTS20_Training_051,flair,20,0.75,0.9675938,0.9522316,0.9782889,24.57892,8.288203
BraTS20_Training_051,flair,20,0.5,0.9675938,0.9522316,0.9782889,24.44924,5.189957
BraTS20_Training_051,flair,12,1,0.9675938,0.9522316,0.9782889,20.33035,6.860375
BraTS20_Training_051,flair,12,0.75,0.9675938,0.9522316,0.9782889,20.26183,5.555123
BraTS20_Training_051,flair,12,0.5,0.9675938,0.9522316,0.9782889,20.20989,3.640061
BraTS20_Training_051,flair,8,1,0.9675938,0.9522316,0.9782889,16.77356,3.383813
BraTS20_Training_051,flair,8,0.75,0.9675938,0.9522316,0.9782889,16.75095,2.757233
BraTS20_Training_051,flair,8,0.5,0.9675938,0.9522316,0.9782889,16.72652,1.648337
BraTS20_Training_051,t1ce,30,1,0.9632732,0.9396604,0.9737344,26.85719,13.88634
BraTS20_Training_051,t1ce,30,0.75,0.9632732,0.9396604,0.9737344,26.0289,9.086554
BraTS20_Training_051,t1ce,30,0.5,0.9632732,0.9396604,0.9737344,25.76627,5.512953
BraTS20_Training_051,t1ce,20,1,0.9632732,0.9396604,0.9737344,23.33341,10.36964
BraTS20_Training_051,t1ce,20,0.75,0.9632732,0.9396604,0.9737344,22.94012,7.587481
BraTS20_Training_051,t1ce,20,0.5,0.9632732,0.9396604,0.9737344,22.81557,4.803762
BraTS20_Training_051,t1ce,12,1,0.9632732,0.9396604,0.9737344,18.89098,5.947289
BraTS20_Training_051,t1ce,12,0.75,0.9632732,0.9396604,0.9737344,18.74705,4.726671
BraTS20_Training_051,t1ce,12,0.5,0.9632732,0.9396604,0.9737344,18.706,3.087801
BraTS20_Training_051,t1ce,8,1,0.9632732,0.9396604,0.9737344,15.35923,2.45391
BraTS20_Training_051,t1ce,8,0.75,0.9632732,0.9396604,0.9737344,15.29871,1.863844
BraTS20_Training_051,t1ce,8,0.5,0.9632732,0.9396604,0.9737344,15.28767,0.9546392
BraTS20_Training_053,flair,30,1,0.9726202,0.9522383,0.9808449,28.67253,13.65587
BraTS20_Training_053,flair,30,0.75,0.9726202,0.9522383,0.9808449,28.00725,9.333734
BraTS20_Training_053,flair,30,0.5,0.9726202,0.9522383,0.9808449,27.58504,5.722232
BraTS20_Training_053,flair,20,1,0.9726202,0.9522383,0.9808449,25.14565,10.14485
BraTS20_Training_053,flair,20,0.75,0.9726202,0.9522383,0.9808449,24.83488,7.689936
BraTS20_Training_053,flair,20,0.5,0.9726202,0.9522383,0.9808449,24.63428,4.927207
BraTS20_Training_053,flair,12,1,0.9726202,0.9522383,0.9808449,20.69522,5.728436
BraTS20_Training_053,flair,12,0.75,0.9726202,0.9522383,0.9808449,20.58558,4.670649
BraTS20_Training_053,flair,12,0.5,0.9726202,0.9522383,0.9808449,20.51526,3.071157
BraTS20_Training_053,flair,8,1,0.9726202,0.9522383,0.9808449,17.15329,2.232359
BraTS20_Training_053,flair,8,0.75,0.9726202,0.9522383,0.9808449,17.11097,1.721945
BraTS20_Training_053,flair,8,0.5,0.9726202,0.9522383,0.9808449,17.08472,0.8325955
BraTS20_Training_053,t1ce,30,1,0.954888,0.9147569,0.9671925,28.13585,15.36611
BraTS20_Training_053,t1ce,30,0.75,0.954888,0.9147569,0.9671925,26.77288,9.306493
BraTS20_Training_053,t1ce,30,0.5,0.954888,0.9147569,0.9671925,26.38654,5.246076
BraTS20_Training_053,t1ce,20,1,0.954888,0.9147569,0.9671925,24.61216,11.8485
BraTS20_Training_053,t1ce,20,0.75,0.954888,0.9147569,0.9671925,23.95202,8.147956
BraTS20_Training_053,t1ce,20,0.5,0.954888,0.9147569,0.9671925,23.7411,4.751891
BraTS20_Training_053,t1ce,12,1,0.954888,0.9147569,0.9671925,20.17009,7.423291
BraTS20_Training_053,t1ce,12,0.75,0.954888,0.9147569,0.9671925,19.92973,5.712771
BraTS20_Training_053,t1ce,12,0.5,0.954888,0.9147569,0.9671925,19.84011,3.46757
BraTS20_Training_053,t1ce,8,1,0.954888,0.9147569,0.9671925,16.63929,3.922918
BraTS20_Training_053,t1ce,8,0.75,0.954888,0.9147569,0.9671925,16.54297,3.07655
BraTS20_Training_053,t1ce,8,0.5,0.954888,0.9147569,0.9671925,16.50105,1.713664
BraTS20_Training_055,flair,30,1,0.9744582,0.9567677,0.9825391,28.89633,13.84051
BraTS20_Training_055,flair,30,0.75,0.9744582,0.9567677,0.9825391,28.41341,10.66999
BraTS20_Training_055,flair,30,0.5,0.9744582,0.9567677,0.9825391,28.00495,6.421741
BraTS20_Training_055,flair,20,1,0.9744582,0.9567677,0.9825391,25.37115,10.32583
BraTS20_Training_055,flair,20,0.75,0.9744582,0.9567677,0.9825391,25.15866,8.625635
BraTS20_Training_055,flair,20,0.5,0.9744582,0.9567677,0.9825391,24.9598,5.531743
BraTS20_Training_055,flair,12,1,0.9744582,0.9567677,0.9825391,20.92511,5.907879
BraTS20_Training_055,flair,12,0.75,0.9744582,0.9567677,0.9825391,20.85987,5.207714
BraTS20_Training_055,flair,12,0.5,0.9744582,0.9567677,0.9825391,20.7864,3.520108
BraTS20_Training_055,flair,8,1,0.9744582,0.9567677,0.9825391,17.38869,2.414274
BraTS20_Training_055,flair,8,0.75,0.9744582,0.9567677,0.9825391,17.36953,2.081206
BraTS20_Training_055,flair,8,0.5,0.9744582,0.9567677,0.9825391,17.34056,1.171351
BraTS20_Training_055,t1ce,30,1,0.9480938,0.9083437,0.9640424,27.71642,15.80165
BraTS20_Training_055,t1ce,30,0.75,0.9480938,0.9083437,0.9640424,26.70012,11.07329
BraTS20_Training_055,t1ce,30,0.5,0.9480938,0.9083437,0.9640424,26.2034,6.76183
BraTS20_Training_055,t1ce,20,1,0.9480938,0.9083437,0.9640424,24.19259,12.28225
BraTS20_Training_055,t1ce,20,0.75,0.9480938,0.9083437,0.9640424,23.71207,9.54338
BraTS20_Training_055,t1ce,20,0.5,0.9480938,0.9083437,0.9640424,23.463,6.128542
BraTS20_Training_055,t1ce,12,1,0.9480938,0.9083437,0.9640424,19.75038,7.853059
BraTS20_Training_055,t1ce,12,0.75,0.9480938,0.9083437,0.9640424,19.5799,6.646437
BraTS20_Training_055,t1ce,12,0.5,0.9480938,0.9083437,0.9640424,19.48949,4.567478
BraTS20_Training_055,t1ce,8,1,0.9480938,0.9083437,0.9640424,16.21972,4.346883
BraTS20_Training_055,t1ce,8,0.75,0.9480938,0.9083437,0.9640424,16.15281,3.757026
BraTS20_Training_055,t1ce,8,0.5,0.9480938,0.9083437,0.9640424,16.11956,2.564139
