source,condition,patient_id,grade,region,voxels,volume_cm3,surface_area_mm2,surface_area_mesh_mm2,sphericity,sphericity_mesh,elongation,n_components,frac_outside_largest
GroundTruth,clean,BraTS20_Training_002,HGG,WT,67008,67.008,16458.7230660978,16378.7943484258,0.484736538305018,0.487102058568064,0.789106923277288,3,2.9847182425935e-05
GroundTruth,clean,BraTS20_Training_002,HGG,TC,15709,15.709,3479.66168068113,3561.65214023752,0.871724924774732,0.851657516624008,0.85194562374936,1,0
GroundTruth,clean,BraTS20_Training_002,HGG,ET,6549,6.549,5943.91186819837,6099.63653719466,0.284792418275779,0.277521623565601,0.888390747996917,2,0.0196976637654603
GroundTruth,clean,BraTS20_Training_008,HGG,WT,33446,33.446,13932.1176321399,13758.8420520004,0.36032670373565,0.364864572430822,0.683816576309873,2,0.00281050050828202
GroundTruth,clean,BraTS20_Training_008,HGG,TC,1368,1.368,800.235011373056,799.351008894517,0.744715925141679,0.745539506667576,0.548755577110582,3,0.0986842105263158
GroundTruth,clean,BraTS20_Training_008,HGG,ET,1211,1.211,837.146576854111,826.895144254206,0.656314572948493,0.664451232905524,0.528368295764315,3,0.111478117258464
GroundTruth,clean,BraTS20_Training_009,HGG,WT,183094,183.094,39981.8292292613,39475.9555883057,0.390005627003056,0.395003443106173,0.653626291153234,31,0.000294930472871879
GroundTruth,clean,BraTS20_Training_009,HGG,TC,76260,76.26,16126.4893146227,15567.2167844325,0.539273184344201,0.558647275580182,0.63672506908267,44,0.002268554943614
GroundTruth,clean,BraTS20_Training_009,HGG,ET,50901,50.901,23044.3993786639,22581.2163454001,0.288228070362674,0.294140167827236,0.641896665178106,32,0.00129663464372021
GroundTruth,clean,BraTS20_Training_014,HGG,WT,80396,80.396,19884.8225703279,19840.6445631583,0.453021379950812,0.454030096260796,0.678173360369892,2,2.48768595452198e-05
GroundTruth,clean,BraTS20_Training_014,HGG,TC,27568,27.568,8721.89852170222,8762.10987714547,0.505991554959604,0.50366944230032,0.749464435620528,6,0.146546720835752
GroundTruth,clean,BraTS20_Training_014,HGG,ET,18255,18.255,13907.9659028451,13822.4040522513,0.241069202998076,0.242561441761443,0.738962727780588,12,0.13021090112298
GroundTruth,clean,BraTS20_Training_021,HGG,WT,36858,36.858,16851.4839673428,16506.0093532206,0.317834095008626,0.324486436527296,0.598641742018038,15,0.0016821314233002
GroundTruth,clean,BraTS20_Training_021,HGG,TC,5669,5.669,2321.2626095447,2359.6644075037,0.662365168847106,0.651585664224219,0.419594618791824,2,0.310989592520727
GroundTruth,clean,BraTS20_Training_021,HGG,ET,3003,3.003,2668.74361540462,2616.75361650669,0.377178989423789,0.384672830311507,0.386403911510365,4,0.352647352647353
GroundTruth,clean,BraTS20_Training_022,HGG,WT,68118,68.118,12427.696011813,12573.674523876,0.649034966707396,0.64149976619486,0.79602605587812,5,7.3402037640613e-05
GroundTruth,clean,BraTS20_Training_022,HGG,TC,30637,30.637,6305.38448283269,6279.57998219408,0.750936778508737,0.754022581800601,0.769798899775694,8,0.000424323530371806
GroundTruth,clean,BraTS20_Training_022,HGG,ET,18221,18.221,11620.0530800657,11587.3202626124,0.288175784867621,0.288989847579855,0.820620233124744,6,0.000713462488337591
GroundTruth,clean,BraTS20_Training_035,HGG,WT,78815,78.815,21790.9395753067,21192.8098695105,0.407956716819959,0.419470576119955,0.70815997134665,21,0.000773964346888256
GroundTruth,clean,BraTS20_Training_035,HGG,TC,48208,48.208,12905.4580001375,12743.8579967967,0.496352384127608,0.502646439424944,0.775115124894138,6,0.000145204115499453
GroundTruth,clean,BraTS20_Training_035,HGG,ET,24262,24.262,21860.6095134758,21631.5389099785,0.18539851734451,0.187361824274838,0.715920991757793,26,0.00259665320253899
GroundTruth,clean,BraTS20_Training_049,HGG,WT,83418,83.418,19558.4303651425,19469.4444157477,0.472052144677128,0.47420967970283,0.841500778229093,1,0
GroundTruth,clean,BraTS20_Training_049,HGG,TC,7635,7.635,2240.20511966302,2273.92442690128,0.837019739283127,0.824607837893846,0.737017519102345,1,0
GroundTruth,clean,BraTS20_Training_049,HGG,ET,6047,6.047,3694.44248919023,3640.03488125063,0.434472066771892,0.440966121538068,0.746409615854252,2,0.000165371258475266
GroundTruth,clean,BraTS20_Training_050,HGG,WT,82780,82.78,15821.4310390872,16050.409413949,0.580570961556865,0.572288419234067,0.90171542275563,5,0.000640251268422376
GroundTruth,clean,BraTS20_Training_050,HGG,TC,68033,68.033,10314.0477334385,10460.9004628255,0.781390395776369,0.770421042541023,0.782758061116002,1,0
GroundTruth,clean,BraTS20_Training_050,HGG,ET,32372,32.372,25847.915358826,25835.1125236369,0.190037054070283,0.1901312287359,0.820411838646671,15,0.000895835907574472
GroundTruth,clean,BraTS20_Training_051,HGG,WT,121570,121.57,29051.3929458323,29509.4799345279,0.40850882372691,0.40216738438837,0.709512777592876,1,0
GroundTruth,clean,BraTS20_Training_051,HGG,TC,17554,17.554,4424.33068935252,4422.46031369278,0.738279155940832,0.738591393759922,0.705781907723953,5,0.000455736584254351
GroundTruth,clean,BraTS20_Training_051,HGG,ET,13105,13.105,7551.16602272544,7501.42896409452,0.355982068609063,0.358342352376691,0.746033307569852,5,0.000610454025181228
GroundTruth,clean,BraTS20_Training_053,HGG,WT,149897,149.897,28414.9562870804,28346.1153209633,0.48024821528811,0.481414539165018,0.763833980379498,4,5.33699807201415e-05
GroundTruth,clean,BraTS20_Training_053,HGG,TC,21470,21.47,4908.41339061752,4866.56403412118,0.761081248394953,0.76762606323011,0.892092324146139,5,0.000652072659524938
GroundTruth,clean,BraTS20_Training_053,HGG,ET,9075,9.075,6792.00857395334,6702.48770647975,0.309777821645661,0.31391532708129,0.903788342682616,6,0.00154269972451793
GroundTruth,clean,BraTS20_Training_055,HGG,WT,118394,118.394,21116.924330466,21162.1169269787,0.55217057127403,0.550991387645101,0.81685276649056,4,0.000177373853404772
GroundTruth,clean,BraTS20_Training_055,HGG,TC,15167,15.167,4430.85054435775,4446.5688512913,0.668749516602342,0.66638553427908,0.73341244618608,6,0.154743851783477
GroundTruth,clean,BraTS20_Training_055,HGG,ET,8577,8.577,5664.97732631499,5683.20439973794,0.357692270344227,0.356545085971501,0.694870051948396,8,0.223737903695931
GroundTruth,clean,BraTS20_Training_059,HGG,WT,25918,25.918,11111.2983898983,11047.8510982593,0.381171397369503,0.383360446859602,0.936119906971452,6,0.000308665792113638
GroundTruth,clean,BraTS20_Training_059,HGG,TC,2073,2.073,954.413734032563,968.032101806775,0.823784555925795,0.812195476360794,0.719133729839529,1,0
GroundTruth,clean,BraTS20_Training_059,HGG,ET,1172,1.172,1009.02886682659,994.913178247792,0.532760815064239,0.540319550757815,0.86871238596074,1,0
GroundTruth,clean,BraTS20_Training_072,HGG,WT,89189,89.189,26235.9847115242,26043.4948956048,0.367954641011649,0.370674226896682,0.863068015927418,3,0.000280303624886513
GroundTruth,clean,BraTS20_Training_072,HGG,TC,48415,48.415,9201.00609537462,9177.12835324482,0.698182185788741,0.699998768661965,0.766654032901472,2,2.0654755757521e-05
GroundTruth,clean,BraTS20_Training_072,HGG,ET,37598,37.598,18880.0700287532,18614.3970630271,0.287468559469552,0.291571438788645,0.762771411509567,4,0.000186180115963608
GroundTruth,clean,BraTS20_Training_081,HGG,WT,31532,31.532,7336.55621096219,7364.28474339743,0.65789949605166,0.655422325742384,0.755294458941743,1,0
GroundTruth,clean,BraTS20_Training_081,HGG,TC,17680,17.68,4110.04803055941,4113.41901746014,0.798531527958009,0.79787712360262,0.970824966147173,1,0
GroundTruth,clean,BraTS20_Training_081,HGG,ET,8450,8.45,6959.34851027943,7035.95520863156,0.288283649597798,0.285144849260141,0.939656956352616,4,0.00071005917159761
GroundTruth,clean,BraTS20_Training_084,HGG,WT,57075,57.075,13137.9298327725,13046.4255046521,0.54565876182882,0.549485874348363,0.651255317380362,2,0.000140166447656576
GroundTruth,clean,BraTS20_Training_084,HGG,TC,27561,27.561,7102.76485986443,7150.71640641747,0.621231307815624,0.61706543123993,0.681204360921004,2,0.000181415768658599
GroundTruth,clean,BraTS20_Training_084,HGG,ET,17506,17.506,11783.4819449816,11544.5509645457,0.276695290021661,0.282421894471665,0.731343979873481,7,0.00068547926425222
GroundTruth,clean,BraTS20_Training_088,HGG,WT,30654,30.654,10524.1936517843,10346.0951293824,0.450076905751016,0.457824566185129,0.833734591981601,5,0.0133750897109676
GroundTruth,clean,BraTS20_Training_088,HGG,TC,11929,11.929,3626.60780179473,3535.63541421812,0.696176819762185,0.714089545495889,0.900075115199805,7,0.000838293234973642
GroundTruth,clean,BraTS20_Training_088,HGG,ET,9619,9.619,5134.76643521874,4929.09459672883,0.425974283065278,0.443748523796142,0.905782920057928,7,0.00103960910697576
GroundTruth,clean,BraTS20_Training_089,HGG,WT,130343,130.343,30245.3110346995,30543.855829169,0.411040433083049,0.407022800787382,0.504053254723186,5,0.471517457784461
GroundTruth,clean,BraTS20_Training_089,HGG,TC,18690,18.69,4183.18781992058,4299.58481788382,0.814172247199153,0.792131234075097,0.543856384550626,3,0.0178705189941145
GroundTruth,clean,BraTS20_Training_089,HGG,ET,18581,18.581,4331.79153052843,4429.32650209701,0.783181882344728,0.765936004762355,0.543037482436719,3,0.0179753511651687
GroundTruth,clean,BraTS20_Training_090,HGG,WT,32059,32.059,7946.65093863655,8085.98373661372,0.614138940422215,0.603556468368963,0.731304946151884,2,3.11924888486415e-05
GroundTruth,clean,BraTS20_Training_090,HGG,TC,21031,21.031,4038.8067387233,4153.36879895052,0.912299985308759,0.887136083203883,0.79881277382698,1,0
GroundTruth,clean,BraTS20_Training_090,HGG,ET,10964,10.964,7049.15706274321,7201.69846431759,0.338578691187866,0.331407151258374,0.829389716327146,2,0.000364830353885459
GroundTruth,clean,BraTS20_Training_092,HGG,WT,58458,58.458,15154.7614778281,15405.2986431974,0.480652258972082,0.47283538652577,0.612886870005543,19,0.201512196790858
GroundTruth,clean,BraTS20_Training_092,HGG,TC,42898,42.898,10543.7981148049,10806.5662220616,0.562054469851005,0.548387779971624,0.497462372369389,8,0.215930812625297
GroundTruth,clean,BraTS20_Training_092,HGG,ET,32673,32.673,16959.3787642888,17249.6151117699,0.291429510389424,0.286526013349313,0.514401069960297,9,0.232240688029872
GroundTruth,clean,BraTS20_Training_100,HGG,WT,135252,135.252,23007.4782347117,23651.1098375973,0.553831391933057,0.538759651580662,0.703409700984714,1,0
GroundTruth,clean,BraTS20_Training_100,HGG,TC,77199,77.199,10780.1537045914,11070.0866189778,0.813330304892304,0.792028644501325,0.79363211676888,1,0
GroundTruth,clean,BraTS20_Training_100,HGG,ET,30015,30.015,20572.1174719805,20645.2253207215,0.227037377014347,0.226233403506698,0.770571774074715,25,0.00529735132433784
GroundTruth,clean,BraTS20_Training_103,HGG,WT,58208,58.208,11434.0788406502,11469.1471663605,0.635240326495435,0.633298001198643,0.926558162827576,5,6.87190764155909e-05
GroundTruth,clean,BraTS20_Training_103,HGG,TC,51228,51.228,8860.25492087273,8964.98250899159,0.752851825452274,0.7440571227508,0.913909550576097,4,7.80822987428431e-05
GroundTruth,clean,BraTS20_Training_103,HGG,ET,37271,37.271,18039.2250591386,18181.9121166364,0.299121027806484,0.296773601473124,0.902365265968767,3,8.04915349735813e-05
GroundTruth,clean,BraTS20_Training_104,HGG,WT,169685,169.685,31006.122432493,31683.4172721974,0.478041538488336,0.467822468228304,0.832303557425624,3,1.17865456581434e-05
GroundTruth,clean,BraTS20_Training_104,HGG,TC,58801,58.801,9889.47678491302,10137.2011620462,0.739436045031902,0.721366330249958,0.785662695799734,3,6.80260539787092e-05
GroundTruth,clean,BraTS20_Training_104,HGG,ET,35912,35.912,17164.9912970909,17491.0449748962,0.306666920323032,0.300950287761852,0.80228173058223,3,0.000111383381599439
GroundTruth,clean,BraTS20_Training_107,HGG,WT,34311,34.311,8873.90773179362,9083.42390505899,0.575428630297659,0.562155925437969,0.884023777478791,4,0.00512955028999451
GroundTruth,clean,BraTS20_Training_107,HGG,TC,10136,10.136,2888.16312395358,2951.13135578975,0.784224020501734,0.76749104796306,0.728816279409975,1,0
GroundTruth,clean,BraTS20_Training_107,HGG,ET,9541,9.541,3227.11551105454,3300.45279763184,0.674112237137212,0.659133212939177,0.725956077788149,1,0
GroundTruth,clean,BraTS20_Training_111,HGG,WT,43342,43.342,10255.9558264017,10493.6219410778,0.581809240696895,0.56863206102571,0.830564992045784,3,0.000230723086152018
GroundTruth,clean,BraTS20_Training_111,HGG,TC,25950,25.95,6026.54246822626,6177.58231851647,0.703354296327341,0.6861575157519,0.726128943171925,4,0.12354527938343
GroundTruth,clean,BraTS20_Training_111,HGG,ET,17570,17.57,10454.7855957255,10616.4648852617,0.312620054633983,0.307859130081954,0.696935763852325,4,0.165623221400114
GroundTruth,clean,BraTS20_Training_122,HGG,WT,16585,16.585,4565.4527748286,4696.2204658558,0.688880545732068,0.669698456855725,0.796916129326724,1,0
GroundTruth,clean,BraTS20_Training_122,HGG,TC,5674,5.674,1643.21828027513,1697.95331636383,0.93622827792598,0.906048126277712,0.813849129079877,2,0.010927035600987
GroundTruth,clean,BraTS20_Training_122,HGG,ET,3611,3.611,2502.60801804513,2578.22071523653,0.454823558528859,0.441484733112044,0.833158109707604,2,0.0171697590695098
GroundTruth,clean,BraTS20_Training_130,HGG,WT,111724,111.724,20167.009182676,20509.1579445665,0.556254596279877,0.546974750567659,0.585553378248813,2,1.79012566682291e-05
GroundTruth,clean,BraTS20_Training_130,HGG,TC,58674,58.674,8536.96338162432,8721.01584285605,0.855351268129389,0.837299528635548,0.905757114950099,4,0.000102259944779637
GroundTruth,clean,BraTS20_Training_130,HGG,ET,31485,31.485,16839.0140793519,16943.6951582614,0.286354005816454,0.28458486124681,0.861146247900883,4,0.000190566936636438
GroundTruth,clean,BraTS20_Training_131,HGG,WT,63061,63.061,12430.5314057555,12421.0577345377,0.616360783064977,0.616830887909115,0.93251195972582,1,0
GroundTruth,clean,BraTS20_Training_131,HGG,TC,9325,9.325,3974.83295417823,3936.56639967175,0.539011216931494,0.54425083440982,0.404741434733087,4,0.000536193029490595
GroundTruth,clean,BraTS20_Training_131,HGG,ET,8219,8.219,4157.1028291323,4047.83151092107,0.473775586093161,0.486565170513615,0.412052251853166,7,0.000973354422679207
GroundTruth,clean,BraTS20_Training_132,HGG,WT,173928,173.928,33700.9984856672,33544.6641289409,0.447116837622786,0.449200618307623,0.961926332711641,4,0.000120739616393029
GroundTruth,clean,BraTS20_Training_132,HGG,TC,25664,25.664,5911.04953940525,5916.1434583547,0.711818202936702,0.711205313094184,0.767058396035024,1,0
GroundTruth,clean,BraTS20_Training_132,HGG,ET,21250,21.25,7062.75790955247,6917.44807817203,0.525310111634379,0.536344921419927,0.749189921732882,3,9.41176470588001e-05
GroundTruth,clean,BraTS20_Training_134,HGG,WT,80682,80.682,19178.1554098229,18942.888064796,0.470827398770058,0.476674992426085,0.914676499074095,9,0.0372573808284375
GroundTruth,clean,BraTS20_Training_134,HGG,TC,45266,45.266,11877.9074500921,11600.5383060511,0.517121109851196,0.529485487763736,0.788503581741315,9,0.00077320726372998
GroundTruth,clean,BraTS20_Training_134,HGG,ET,18354,18.354,16185.5672352375,15946.1471137847,0.207894668491166,0.211016059910947,0.968453319774644,13,0.00414078674948237
GroundTruth,clean,BraTS20_Training_135,HGG,WT,217380,217.38,28124.1152885888,28231.1579381731,0.621658168424997,0.619301058680167,0.744488550686496,2,4.6002392124489e-06
GroundTruth,clean,BraTS20_Training_135,HGG,TC,107445,107.445,19059.9992956231,18558.493175093,0.573436567950544,0.588932543073619,0.735161204112486,16,0.000195448834287348
GroundTruth,clean,BraTS20_Training_135,HGG,ET,43379,43.379,19598.0634350651,18420.193121237,0.30464261610384,0.324122840413863,0.897506828399135,50,0.00212084188201667
GroundTruth,clean,BraTS20_Training_150,HGG,WT,149302,149.302,24872.4873846543,25594.0621050936,0.547194834293698,0.531767741948605,0.82953334877472,4,9.37696748871675e-05
GroundTruth,clean,BraTS20_Training_150,HGG,TC,52144,52.144,7859.99317325141,8108.11729359488,0.858746245025804,0.83246694381076,0.735514632080373,2,0.000153421294875722
GroundTruth,clean,BraTS20_Training_150,HGG,ET,46595,46.595,10271.3694949497,10468.6509834587,0.609651971685493,0.598163094213451,0.694146962513058,3,0.000236076832278109
GroundTruth,clean,BraTS20_Training_152,HGG,WT,187315,187.315,25395.9193814294,26227.2314388367,0.623402523335966,0.603642830610643,0.775192381834315,1,0
GroundTruth,clean,BraTS20_Training_152,HGG,TC,46913,46.913,6999.22964227171,7252.1502820481,0.898730235077315,0.867386782831873,0.913771611049898,1,0
GroundTruth,clean,BraTS20_Training_152,HGG,ET,31036,31.036,11038.9320740779,11332.4160674977,0.432647526969023,0.421442932714648,0.845835975864972,1,0
GroundTruth,clean,BraTS20_Training_161,HGG,WT,53787,53.787,10414.6918730156,10440.025060781,0.661641260349735,0.660035758237985,0.900696988998662,7,0.00105973562384964
GroundTruth,clean,BraTS20_Training_161,HGG,TC,19701,19.701,4654.42766150126,4676.19597524313,0.757896707206305,0.754368597308057,0.738359846178215,1,0
GroundTruth,clean,BraTS20_Training_161,HGG,ET,12114,12.114,7671.42601638985,7728.87322268019,0.332506191307211,0.330034737679432,0.764191684999006,1,0
GroundTruth,clean,BraTS20_Training_164,HGG,WT,125370,125.37,29242.4392452056,28751.0683950343,0.414253588089286,0.421333399349486,0.81798885294489,10,0.000805615378479674
GroundTruth,clean,BraTS20_Training_164,HGG,TC,56563,56.563,9763.89475507583,9923.25668206364,0.729820388918208,0.718099883517676,0.774534092000689,3,0.00392482718384812
GroundTruth,clean,BraTS20_Training_164,HGG,ET,43375,43.375,13652.6156995146,13840.9183942155,0.437281647591265,0.431332525557636,0.770845347320524,3,0.0051181556195965
GroundTruth,clean,BraTS20_Training_167,HGG,WT,80769,80.769,18088.2385231222,18082.1501371516,0.499556160273052,0.499724364313757,0.711833992496776,16,0.000334286669390504
GroundTruth,clean,BraTS20_Training_167,HGG,TC,26245,26.245,6304.80215228717,6422.02893501163,0.677397692833087,0.665032573809273,0.543488114402034,1,0
GroundTruth,clean,BraTS20_Training_167,HGG,ET,17276,17.276,6164.94082607484,6266.25656775722,0.524224534040184,0.515748628704985,0.528739836476314,7,0.103033109516092
GroundTruth,clean,BraTS20_Training_170,HGG,WT,99859,99.859,14162.5826396291,14505.6459397691,0.73496469201649,0.717582535180695,0.634592632275774,9,0.000230324757908629
GroundTruth,clean,BraTS20_Training_170,HGG,TC,25202,25.202,5079.61340289047,5176.27086565752,0.81835825735826,0.803076902335763,0.741659126831801,1,0
GroundTruth,clean,BraTS20_Training_170,HGG,ET,13224,13.224,7936.95938085944,8108.85741752799,0.340725936445653,0.333502955882392,0.798998799612611,2,7.56200846945276e-05
GroundTruth,clean,BraTS20_Training_172,HGG,WT,37828,37.828,9464.77049852459,9629.5631657209,0.575770783706406,0.565917501526541,0.452967822602806,2,0.147906312784181
GroundTruth,clean,BraTS20_Training_172,HGG,TC,12163,12.163,3084.26385535059,3146.81798909372,0.829264494672518,0.812779930808973,0.958955266266179,4,0.00197319740195678
GroundTruth,clean,BraTS20_Training_172,HGG,ET,8994,8.994,4097.88347450747,4202.52309373721,0.510379366443116,0.4976713095506,0.900408190120753,3,0.00244607516121864
GroundTruth,clean,BraTS20_Training_175,HGG,WT,186689,186.689,32080.5312178558,32258.5674045052,0.492404174715901,0.489686578473719,0.787550010966191,17,0.0320961599237234
GroundTruth,clean,BraTS20_Training_175,HGG,TC,95022,95.022,18706.1232784197,18515.5524107639,0.538331480368828,0.543872243886133,0.871444652070655,9,0.00877691481972598
GroundTruth,clean,BraTS20_Training_175,HGG,ET,79009,79.009,25293.7629569988,25257.348517919,0.352037064010633,0.352544608664901,0.944505557056971,10,0.0105684162563758
GroundTruth,clean,BraTS20_Training_188,HGG,WT,67704,67.704,31376.9081962918,30928.1547692993,0.256025680626068,0.25974049654173,0.56843910614256,12,0.0294221907125133
GroundTruth,clean,BraTS20_Training_188,HGG,TC,8648,8.648,2724.26835887894,2741.76456763733,0.747901995803749,0.743129357917968,0.743929622575582,1,0
GroundTruth,clean,BraTS20_Training_188,HGG,ET,6929,6.929,4091.33505943629,4127.59757974447,0.429601825288731,0.42582760926767,0.728681587859876,1,0
GroundTruth,clean,BraTS20_Training_189,HGG,WT,97135,97.135,14779.0380990028,15081.8902678738,0.691440985184326,0.677556492041221,0.618157162301159,3,2.05899006536781e-05
GroundTruth,clean,BraTS20_Training_189,HGG,TC,28526,28.526,5460.39750742696,5571.3605999115,0.826838042233909,0.810370160734443,0.826057721800452,2,3.50557386243899e-05
GroundTruth,clean,BraTS20_Training_189,HGG,ET,22125,22.125,7856.50503713501,8063.7859906401,0.485113749696824,0.472643820470986,0.817312153287577,3,0.000632768361581881
GroundTruth,clean,BraTS20_Training_190,HGG,WT,45281,45.281,13540.7653259964,13468.0021418968,0.453716861544388,0.456168144457607,0.819578735819044,1,0
GroundTruth,clean,BraTS20_Training_190,HGG,TC,10095,10.095,3214.83146723733,3257.7382024451,0.702635566431492,0.693381354974656,0.872035613117405,2,0.00455671124318968
GroundTruth,clean,BraTS20_Training_190,HGG,ET,9769,9.769,3406.40706885628,3425.27195902898,0.648765358516035,0.645192244502712,0.882932393991713,2,0.00470877264817282
GroundTruth,clean,BraTS20_Training_192,HGG,WT,110151,110.151,17718.2761730263,18237.4484994658,0.627174348378126,0.609320339603805,0.784598313222328,1,0
GroundTruth,clean,BraTS20_Training_192,HGG,TC,37263,37.263,5905.24183272154,6117.39598788812,0.91361870216877,0.881933978098795,0.884520433137859,1,0
GroundTruth,clean,BraTS20_Training_192,HGG,ET,19875,19.875,8905.16276604942,9193.40966921043,0.39845598475608,0.385962937259614,0.814137081247514,7,0.000402515723270436
GroundTruth,clean,BraTS20_Training_199,HGG,WT,81847,81.847,11996.9320668907,12307.9460971086,0.759887152398621,0.740685283629158,0.831851240032841,1,0
GroundTruth,clean,BraTS20_Training_199,HGG,TC,37146,37.146,6956.86850492368,7111.34608232866,0.773888451959524,0.757077511828587,0.656888040690266,4,0.000323049588111801
GroundTruth,clean,BraTS20_Training_199,HGG,ET,33532,33.532,9612.94531463989,9733.18932274288,0.523119156892393,0.516656532766381,0.661493833940298,4,0.000357867112012356
GroundTruth,clean,BraTS20_Training_206,HGG,WT,23456,23.456,8812.0318745486,8740.78730144115,0.449687380698925,0.453352701037336,0.606974661531792,3,0.00110845839017737
GroundTruth,clean,BraTS20_Training_206,HGG,TC,5415,5.415,1976.12766291843,1978.74037969404,0.754631218107794,0.753634807632127,0.79149356765593,1,0
GroundTruth,clean,BraTS20_Training_206,HGG,ET,5096,5.096,2183.71456529538,2188.42853902757,0.655804712637603,0.654392079721478,0.783800054577671,1,0
GroundTruth,clean,BraTS20_Training_215,HGG,WT,66672,66.672,12441.3486440902,12690.4378140027,0.639114963986641,0.626570352193785,0.787755145551759,2,2.99976001919555e-05
GroundTruth,clean,BraTS20_Training_215,HGG,TC,36002,36.002,6833.95697610407,6974.25554324863,0.771548034435772,0.756027082695005,0.766413912528296,2,0.000611077162379847
GroundTruth,clean,BraTS20_Training_215,HGG,ET,25944,25.944,10608.0835109082,10843.7510798292,0.399519963125582,0.390837183730142,0.777335163148307,2,0.00084798026518651
GroundTruth,clean,BraTS20_Training_236,HGG,WT,169918,169.918,30615.249631423,30139.4838695295,0.484587913618317,0.492237359074153,0.826283588695785,6,0.000153014983698019
GroundTruth,clean,BraTS20_Training_236,HGG,TC,57508,57.508,15409.3538028454,14762.7248931359,0.467575636510067,0.488056132233715,0.700846194265075,14,0.00128677749182726
GroundTruth,clean,BraTS20_Training_236,HGG,ET,47182,47.182,22792.8332286305,22282.2388911637,0.277036319679755,0.283384567573158,0.692192883339078,9,0.00144122758679155
GroundTruth,clean,BraTS20_Training_242,HGG,WT,54958,54.958,12041.1493174026,11631.0573395144,0.580546212041327,0.601015317936171,0.742317199160899,3,5.45871392699793e-05
GroundTruth,clean,BraTS20_Training_242,HGG,TC,36247,36.247,7629.5634333363,7647.89080043771,0.6942232400979,0.692559607012178,0.653666271663133,2,0.000137942450409656
GroundTruth,clean,BraTS20_Training_242,HGG,ET,27478,27.478,11905.5980822822,11925.528958669,0.36987614283667,0.369257976908194,0.641175417069729,3,0.000254749253948638
GroundTruth,clean,BraTS20_Training_244,HGG,WT,149604,149.604,25126.368963897,25724.2771375055,0.542396063208619,0.529789176811307,0.779506005385814,2,5.34745060292163e-05
GroundTruth,clean,BraTS20_Training_244,HGG,TC,62554,62.554,10134.2628883801,10201.1075861559,0.751961055933656,0.74703368808673,0.758936425886586,5,0.000591488953544106
GroundTruth,clean,BraTS20_Training_244,HGG,ET,26937,26.937,18779.1326504744,18989.3381261369,0.231406069431725,0.228844483421039,0.735845887202208,11,0.00315551100716482
GroundTruth,clean,BraTS20_Training_250,HGG,WT,73791,73.791,18406.0030667111,18152.0379191766,0.462232237965042,0.468699328824629,0.84952455045625,2,0.00150424848558772
GroundTruth,clean,BraTS20_Training_250,HGG,TC,3265,3.265,1897.00421139299,1879.60258124941,0.561053944281187,0.566248262126021,0.605693914669717,4,0.323430321592649
GroundTruth,clean,BraTS20_Training_250,HGG,ET,3218,3.218,1952.98808692598,1938.81966859541,0.539728341211716,0.54367254347406,0.608322891391255,3,0.327532628962088
GroundTruth,clean,BraTS20_Training_253,HGG,WT,43881,43.881,8657.07903881874,8788.72572728428,0.694966311387446,0.684556382083902,0.872197168140896,2,4.55778127207429e-05
GroundTruth,clean,BraTS20_Training_253,HGG,TC,26393,26.393,5304.20192918375,5489.88263959922,0.808208190199483,0.780872693109366,0.745253847347547,1,0
GroundTruth,clean,BraTS20_Training_253,HGG,ET,14699,14.699,8131.90517464356,8324.17307923638,0.356848338241992,0.348606020164493,0.678251913177562,2,0.00612286550105445
GroundTruth,clean,BraTS20_Training_258,HGG,WT,122734,122.734,17799.0546894662,18115.7097435466,0.671012245768856,0.659283231450318,0.89745291377633,1,0
GroundTruth,clean,BraTS20_Training_258,HGG,TC,63849,63.849,9502.1083430769,9719.05237947502,0.813018097696019,0.794870296769317,0.940590761869869,1,0
GroundTruth,clean,BraTS20_Training_258,HGG,ET,26259,26.259,13499.866277862,13855.6763736628,0.316475513574212,0.308348506290939,0.854355829738255,5,0.00102821889637839
GroundTruth,clean,BraTS20_Training_266,LGG,WT,53274,53.274,8815.57828422858,8843.92297579811,0.776682504400633,0.774193244137407,0.90128527970989,2,1.87708826069333e-05
GroundTruth,clean,BraTS20_Training_266,LGG,TC,28736,28.736,5930.18513179622,6003.61585174651,0.765068080093884,0.755710469394003,0.97363183446022,1,0
GroundTruth,clean,BraTS20_Training_266,LGG,ET,0,0,NaN,NaN,NaN,NaN,NaN,0,NaN
GroundTruth,clean,BraTS20_Training_267,LGG,WT,79625,79.625,13993.7267424818,14222.2949536522,0.639612632025223,0.629333340559225,0.660663375931069,3,0.000527472527472539
GroundTruth,clean,BraTS20_Training_267,LGG,TC,55297,55.297,10002.0654355411,10355.0982835944,0.70177110098033,0.677845857233193,0.743972587586667,1,0
GroundTruth,clean,BraTS20_Training_267,LGG,ET,5256,5.256,3008.25253366826,2979.19928538832,0.48596695364291,0.490706119172817,0.406928240081352,5,0.0030441400304414
GroundTruth,clean,BraTS20_Training_273,LGG,WT,230882,230.882,40640.438462142,41042.0500230342,0.447836125235473,0.443453883968803,0.552361252847858,17,0.00316178827279734
GroundTruth,clean,BraTS20_Training_273,LGG,TC,112063,112.063,18676.4950683444,18695.5267645789,0.601861980751999,0.601249296523463,0.550066772113446,9,0.00284661306586476
GroundTruth,clean,BraTS20_Training_273,LGG,ET,1276,1.276,1194.63612553113,1169.65786538271,0.476228735616739,0.486398688387068,0.67450327340126,5,0.299373040752351
GroundTruth,clean,BraTS20_Training_276,LGG,WT,56512,56.512,11907.6861498274,11848.8002171463,0.598067950753016,0.601040217011315,0.842226335933895,11,0.0011678935447339
GroundTruth,clean,BraTS20_Training_276,LGG,TC,4076,4.076,1642.94846192518,1655.33235472366,0.751074414476819,0.745455467317341,0.856144429406026,6,0.00269872423945039
GroundTruth,clean,BraTS20_Training_276,LGG,ET,2575,2.575,1781.84621347399,1797.44587208486,0.509876968374499,0.50545185228966,0.833679533214088,1,0
GroundTruth,clean,BraTS20_Training_279,LGG,WT,162703,162.703,18496.5730516929,18858.013370339,0.779213664081516,0.764278939542505,0.92423950104055,3,1.84385045143287e-05
GroundTruth,clean,BraTS20_Training_279,LGG,TC,135025,135.025,16294.68414841,16528.2493397037,0.781113784220884,0.770075652675068,0.884406480305051,1,0
GroundTruth,clean,BraTS20_Training_279,LGG,ET,0,0,NaN,NaN,NaN,NaN,NaN,0,NaN
GroundTruth,clean,BraTS20_Training_280,LGG,WT,39237,39.237,7508.07695014077,7614.80672778843,0.743736802711175,0.733312524535857,0.920610858737404,1,0
GroundTruth,clean,BraTS20_Training_280,LGG,TC,826,0.826,545.469865281731,527.290537926745,0.780488892087774,0.807397706196182,0.81611960214506,5,0.00726392251815977
GroundTruth,clean,BraTS20_Training_280,LGG,ET,691,0.691,535.140533016076,521.773504736606,0.706320225597936,0.724415054760822,0.906673834490077,2,0.0014471780028944
GroundTruth,clean,BraTS20_Training_281,LGG,WT,143067,143.067,23895.3387320649,23884.4021383868,0.553601485496792,0.553854977900386,0.593524797551587,5,0.000657034815855551
GroundTruth,clean,BraTS20_Training_281,LGG,TC,21802,21.802,5087.12623685929,5129.32349476429,0.741895095254783,0.735791768236147,0.65357962444072,4,0.00146775525181175
GroundTruth,clean,BraTS20_Training_281,LGG,ET,0,0,NaN,NaN,NaN,NaN,NaN,0,NaN
GroundTruth,clean,BraTS20_Training_292,LGG,WT,77020,77.02,13859.4223310576,13618.6580113646,0.631647340149197,0.642814236477014,0.635703208771756,15,0.000727083874318413
GroundTruth,clean,BraTS20_Training_292,LGG,TC,53829,53.829,10998.2585970091,10891.7565288617,0.626860741724896,0.632990328376706,0.69867700406696,5,7.43093871333755e-05
GroundTruth,clean,BraTS20_Training_292,LGG,ET,3815,3.815,3299.93317825214,3072.25928578112,0.357801376430625,0.384316727032858,0.406554974962992,27,0.462385321100917
GroundTruth,clean,BraTS20_Training_307,LGG,WT,147787,147.787,25789.952733889,25382.7409024098,0.524152587208112,0.532561495285936,0.697130020917299,49,0.00411402897413171
GroundTruth,clean,BraTS20_Training_307,LGG,TC,94205,94.205,17631.4234248117,17503.2667164119,0.567866241859903,0.572024086766643,0.826450882505703,18,0.000435221060453239
GroundTruth,clean,BraTS20_Training_307,LGG,ET,32,0.032,94.7705415275592,1.43382024343605,0.514332634354124,33.9956019634832,0.858562670073228,27,0.90625
GroundTruth,clean,BraTS20_Training_310,LGG,WT,175367,175.367,24134.5819961372,24612.5161057735,0.627783058432233,0.615592556015208,0.702111934064195,1,0
GroundTruth,clean,BraTS20_Training_310,LGG,TC,93990,93.99,14433.1676856057,14505.652656582,0.692644250484611,0.689183096437845,0.725332903497838,1,0
GroundTruth,clean,BraTS20_Training_310,LGG,ET,0,0,NaN,NaN,NaN,NaN,NaN,0,NaN
GroundTruth,clean,BraTS20_Training_314,LGG,WT,27311,27.311,9452.75453106327,9491.8249582748,0.46396385226113,0.462054075585071,0.744820923434252,18,0.00494306323459415
GroundTruth,clean,BraTS20_Training_314,LGG,TC,3497,3.497,1780.09966890986,1779.73818909837,0.625897994436505,0.626025119589196,0.756687104876769,7,0.167000285959394
GroundTruth,clean,BraTS20_Training_314,LGG,ET,2810,2.81,1717.89239263273,1743.36500662914,0.560564659718584,0.552374150477695,0.799853958670014,4,0.151245551601424
GroundTruth,clean,BraTS20_Training_318,LGG,WT,212186,212.186,24338.6309822695,24497.309369951,0.706858463447006,0.702279872402374,0.813502727996186,8,0.00260620399083822
GroundTruth,clean,BraTS20_Training_318,LGG,TC,159875,159.875,22065.9717936736,22035.2627364479,0.645577081391932,0.646476778562469,0.831376572310158,1,0
GroundTruth,clean,BraTS20_Training_318,LGG,ET,1855,1.855,1543.32157942424,1488.77922963106,0.47306807251177,0.490399214546385,0.583164055221043,6,0.261994609164421
GroundTruth,clean,BraTS20_Training_326,LGG,WT,125353,125.353,16618.4506136344,16989.4190403905,0.728870011022738,0.712954942905576,0.846981359102964,2,7.9774716201797e-06
GroundTruth,clean,BraTS20_Training_326,LGG,TC,125353,125.353,16618.4506136344,16989.4190403905,0.728870011022738,0.712954942905576,0.846981359102964,2,7.9774716201797e-06
GroundTruth,clean,BraTS20_Training_326,LGG,ET,1194,1.194,1336.83618635317,1274.9988758643,0.407138478702849,0.426884651814137,0.385443939481652,6,0.482412060301508
GroundTruth,clean,BraTS20_Training_332,LGG,WT,56445,56.445,8527.4839398654,8804.90985161752,0.834475388862729,0.808182661340093,0.831707630645874,1,0
GroundTruth,clean,BraTS20_Training_332,LGG,TC,2366,2.366,1129.28354824082,1119.79303478799,0.760368791524357,0.76681309866049,0.775811300442089,2,0.0131022823330516
GroundTruth,clean,BraTS20_Training_332,LGG,ET,1929,1.929,1033.31237910789,1027.84756810536,0.725227021569216,0.729082874061147,0.748469455733339,2,0.0150336962156558
GroundTruth,clean,BraTS20_Training_335,LGG,WT,136334,136.334,21397.2548299051,21548.0169994503,0.598681057168965,0.59449234434928,0.819717710267959,1,0
GroundTruth,clean,BraTS20_Training_335,LGG,TC,60154,60.154,11907.2307971409,12063.0923890311,0.623519002775799,0.61546280448001,0.745865913433889,1,0
GroundTruth,clean,BraTS20_Training_335,LGG,ET,0,0,NaN,NaN,NaN,NaN,NaN,0,NaN
GroundTruth,clean,BraTS20_Training_343,HGG,WT,157400,157.4,26310.3577144907,25788.2766188361,0.535830203825871,0.546678033017136,0.631997422119043,4,0.000387547649301156
GroundTruth,clean,BraTS20_Training_343,HGG,TC,61196,61.196,9058.97222748232,9208.42722468121,0.828998771378659,0.81554392116035,0.842878669957417,2,1.63409373161727e-05
GroundTruth,clean,BraTS20_Training_343,HGG,ET,33164,33.164,16494.4581743307,16652.6067749994,0.302638383200562,0.29976424839041,0.869627853899931,3,6.0306356289952e-05
GroundTruth,clean,BraTS20_Training_345,HGG,WT,95788,95.788,25590.4932963599,26317.0398172178,0.395621182923019,0.384699088491928,0.656489078659596,5,0.000897816010356212
GroundTruth,clean,BraTS20_Training_345,HGG,TC,6152,6.152,2411.80500640312,2451.92565411807,0.673213500552122,0.662197766185449,0.295077212962647,5,0.251950585175553
GroundTruth,clean,BraTS20_Training_345,HGG,ET,5942,5.942,2659.85953848183,2713.20422256956,0.596458895166681,0.584731834199686,0.308554205276019,3,0.226859643217772
GroundTruth,clean,BraTS20_Training_347,HGG,WT,111614,111.614,18743.0264132632,19334.8644446661,0.59812256763712,0.579814102947281,0.63636371247968,2,8.95944953138716e-06
GroundTruth,clean,BraTS20_Training_347,HGG,TC,32541,32.541,6053.13251742391,6239.03648054774,0.814312696051616,0.790048699857646,0.916669904229451,1,0
GroundTruth,clean,BraTS20_Training_347,HGG,ET,24882,24.882,9775.69653185709,9954.40143659448,0.421625242257729,0.414056078081211,0.963916062764452,1,0
GroundTruth,clean,BraTS20_Training_353,HGG,WT,46538,46.538,10076.7763553849,10404.1689575151,0.620918092677774,0.601379387481654,0.601399395132838,1,0
GroundTruth,clean,BraTS20_Training_353,HGG,TC,14715,14.715,3329.08150825114,3439.77872248701,0.872301341461442,0.84422938211047,0.722774174781454,1,0
GroundTruth,clean,BraTS20_Training_353,HGG,ET,9120,9.12,5458.57777801713,5630.51823378492,0.386724049333942,0.374914566345349,0.71330907313515,2,0.000109649122806976
GroundTruth,clean,BraTS20_Training_357,HGG,WT,59365,59.365,12803.4019846092,13057.6954577413,0.574794218865212,0.563600327973476,0.629347662383406,2,5.05348269181916e-05
GroundTruth,clean,BraTS20_Training_357,HGG,TC,24765,24.765,6284.68735064557,6455.25009403899,0.653771526547768,0.636497360017262,0.48335689885823,4,0.0634363012315768
GroundTruth,clean,BraTS20_Training_357,HGG,ET,14708,14.708,8613.42974104071,8846.14594575929,0.337036619174193,0.328170172323064,0.509446701795858,5,0.102733206418276
GroundTruth,clean,BraTS20_Training_364,HGG,WT,98011,98.011,21224.9206888516,21778.7890571457,0.484344748492124,0.472027110682453,0.47436987065339,2,5.10146820255075e-05
GroundTruth,clean,BraTS20_Training_364,HGG,TC,50150,50.15,8857.50890509267,9039.29661422422,0.742482949837781,0.727551005430973,0.693160176922176,2,7.97607178464332e-05
GroundTruth,clean,BraTS20_Training_364,HGG,ET,30508,30.508,16148.8642694611,16569.1918494083,0.292382448464014,0.284965284844999,0.670890162196997,3,0.000196669725973542
GroundTruth,clean,BraTS20_Training_369,HGG,WT,224832,224.832,34795.54584622,35983.0348736837,0.513884935511278,0.496926034616989,0.402135863920263,2,0.310262773982351
GroundTruth,clean,BraTS20_Training_369,HGG,TC,63310,63.31,11180.5294419228,11536.4938523106,0.687073656394584,0.665873647785164,0.303464671192242,9,0.173321750118465
GroundTruth,clean,BraTS20_Training_369,HGG,ET,42721,42.721,16934.8796962871,17443.6693106348,0.34897657982823,0.338797777633273,0.301339505597261,9,0.218698064183891
